日付,順位,コード,銘柄名,市場,株価,S高,前日比,前日比(%),約定回数,ＰＥＲ,ＰＢＲ,利回り
2021/05/14,1,9984,ＳＢＧ,東１,"8,528",,+61,+0.72%,"51,671",－,1.45,0.52
2021/05/14,2,4582,シンバイオ,ＪＧ,"1,382",,+211,+18.02%,"18,940",45.9,13.73,－
2021/05/14,3,1570,日経レバ,東Ｅ,"15,040",,+690,+4.81%,"17,781",－,－,－
2021/05/14,4,8306,三菱ＵＦＪ,東１,607.7,,+8.5,+1.42%,"16,872",－,0.47,4.11
2021/05/14,5,5401,日本製鉄,東１,"2,182.0",,-32.0,-1.45%,"15,305",8.4,0.73,－
2021/05/14,6,7203,トヨタ,東１,"8,478",,+86,+1.02%,"13,819",10.3,1.01,－
2021/05/14,7,4689,ＺＨＤ,東１,455.3,,+13.1,+2.96%,"12,925",－,1.29,1.22
2021/05/14,8,7201,日産自,東１,534.4,,+11.0,+2.10%,"12,721",－,0.53,－
2021/05/14,9,6613,ＱＤレーザ,東Ｍ,"1,290",,-110,-7.86%,"12,561",－,11.72,－
2021/05/14,10,8591,オリックス,東１,"1,856.5",,+93.0,+5.27%,"12,138",9.1,0.75,4.20
2021/05/14,11,8604,野村,東１,576.8,,+4.5,+0.79%,"12,041",－,0.66,－
2021/05/14,12,6629,Ｔホライゾン,ＪＱ,"1,641",,+154,+10.36%,"11,586",9.6,2.37,1.22
2021/05/14,13,6198,Ｃａｒｅｅｒ,東Ｍ,486,,-79,-13.98%,"11,458",411,3.42,－
2021/05/14,14,3436,ＳＵＭＣＯ,東１,"2,446",,+90,+3.82%,"11,096",－,2.21,－
2021/05/14,15,5020,ＥＮＥＯＳ,東１,463.1,,+1.0,+0.22%,"11,089",10.6,0.64,4.75
2021/05/14,16,7013,ＩＨＩ,東１,"2,328",,+188,+8.79%,"10,907",9.9,1.15,2.58
2021/05/14,17,7202,いすゞ,東１,"1,302",,+232,+21.68%,"10,825",9.2,0.99,4.45
2021/05/14,18,6699,ダイヤＨＤ,東１,"2,596",,-138,-5.05%,"10,753",11.9,2.54,0.96
2021/05/14,19,2413,エムスリー,東１,"7,116",,+190,+2.74%,"10,616",－,24.17,－
2021/05/14,20,4188,三菱ケミＨＤ,東１,846.7,,-3.4,-0.40%,"10,055",12.4,0.97,2.83
2021/05/14,21,3402,東レ,東１,695.0,,+18.9,+2.80%,"9,811",13.9,0.90,2.30
2021/05/14,22,7269,スズキ,東１,"4,250",,+126,+3.06%,"9,754",－,1.22,－
2021/05/14,23,6758,ソニーＧ,東１,"10,225",,+236,+2.36%,"9,738",19.2,2.27,－
2021/05/14,24,5411,ＪＦＥ,東１,"1,544",,-45,-2.83%,"9,729",6.8,0.53,－
2021/05/14,25,6178,日本郵政,東１,945.6,,+22.9,+2.48%,"9,538",11.2,0.28,5.29
2021/05/14,26,8002,丸紅,東１,928.6,,+8.2,+0.89%,"9,525",7.0,0.89,3.66
2021/05/14,27,6920,レーザーテク,東１,"17,660",,+960,+5.75%,"9,159",113,32.88,0.31
2021/05/14,28,6081,アライドアキ,東Ｍ,853,,+71,+9.08%,"9,132",37.6,6.11,－
2021/05/14,29,6981,村田製,東１,"8,270",,+276,+3.45%,"8,731",22.0,2.75,1.45
2021/05/14,30,4503,アステラス,東１,"1,674.0",,+9.0,+0.54%,"8,534",14.8,2.24,2.99
2021/05/14,31,9433,ＫＤＤＩ,東１,"3,532.0",,+154.0,+4.56%,"8,340",12.2,1.68,3.54
2021/05/14,32,8698,マネックスＧ,東１,779,,+3,+0.39%,"8,185",－,2.24,－
2021/05/14,33,5802,住友電,東１,"1,638.5",,+40.0,+2.50%,"8,141",11.6,0.78,3.05
2021/05/14,34,8308,りそなＨＤ,東１,469.9,,+1.5,+0.32%,"8,066",7.9,0.50,4.47
2021/05/14,35,4477,ＢＡＳＥ,東Ｍ,"1,670",,+124,+8.02%,"8,062",－,11.27,－
2021/05/14,36,4755,楽天グループ,東１,"1,304",,+61,+4.91%,"8,061",－,2.39,－
2021/05/14,37,3681,ブイキューブ,東１,"2,732",,-94,-3.33%,"7,968",33.0,15.68,0.29
2021/05/14,38,8316,三井住友ＦＧ,東１,"4,001",,+36,+0.91%,"7,878",9.1,0.46,5.00
2021/05/14,39,8750,第一生命ＨＤ,東１,"2,048.0",,+9.0,+0.44%,"7,669",8.1,0.47,3.76
2021/05/14,40,3923,ラクス,東１,"2,035",,+235,+13.06%,"7,421",－,47.03,0.09
2021/05/14,41,6098,リクルート,東１,"4,930",,+56,+1.15%,"7,420",65.2,7.60,0.39
2021/05/14,42,4568,第一三共,東１,"2,702.5",,+8.0,+0.30%,"7,387",103,4.07,1.00
2021/05/14,43,3407,旭化成,東１,"1,221.5",,+7.5,+0.62%,"7,332",10.9,1.15,2.78
2021/05/14,44,8031,三井物,東１,"2,398.0",,+9.5,+0.40%,"7,292",8.6,0.87,3.75
2021/05/14,45,6501,日立,東１,"5,384",,+134,+2.55%,"7,232",9.5,1.48,－
2021/05/14,46,1357,日経Ｄインバ,東Ｅ,443,,-21,-4.53%,"7,141",－,－,－
2021/05/14,47,3659,ネクソン,東１,"2,805",,+17,+0.61%,"7,031",－,3.23,0.18
2021/05/14,48,4751,サイバー,東１,"2,099",,+68,+3.35%,"7,011",42.4,10.59,0.48
2021/05/14,49,6326,クボタ,東１,"2,607.0",,+54.0,+2.12%,"6,991",19.9,2.01,－
2021/05/14,50,7936,アシックス,東１,"2,178",S,+400,+22.50%,"6,734",144,2.79,1.10
2021/05/14,51,9432,ＮＴＴ,東１,"2,905.0",,+56.0,+1.97%,"6,703",9.7,1.39,3.79
2021/05/14,52,3382,セブン＆アイ,東１,"4,942",,+122,+2.53%,"6,517",－,1.63,－
2021/05/14,53,7733,オリンパス,東１,"2,097.0",,+47.0,+2.29%,"6,461",30.3,6.84,0.67
2021/05/14,54,6502,東芝,東１,"4,510",,+40,+0.89%,"6,340",－,1.76,－
2021/05/14,55,4502,武田,東１,"3,740.0",,+62.0,+1.69%,"6,335",23.4,1.13,4.81
2021/05/14,56,5713,住友鉱,東１,"4,880",,-119,-2.38%,"6,318",12.9,1.20,2.73
2021/05/14,57,9735,セコム,東１,"8,717",,-266,-2.96%,"6,316",22.0,1.76,2.01
2021/05/14,58,8058,三菱商,東１,"2,935.0",,+54.0,+1.87%,"6,293",11.4,0.77,4.57
2021/05/14,59,8802,菱地所,東１,"1,791.5",,+12.5,+0.70%,"6,238",16.9,1.29,1.84
2021/05/14,60,4519,中外薬,東１,"4,120",,+212,+5.42%,"6,079",－,6.89,1.46
2021/05/14,61,9202,ＡＮＡＨＤ,東１,"2,447.5",,+25.5,+1.05%,"6,027",328,1.14,－
2021/05/14,62,4165,プレイド,東Ｍ,"3,020",,-680,-18.38%,"5,958",－,23.79,－
2021/05/14,63,6723,ルネサス,東１,"1,184",,+42,+3.68%,"5,924",－,2.86,－
2021/05/14,64,7267,ホンダ,東１,"3,327.0",,+33.0,+1.00%,"5,836",9.7,0.63,3.31
2021/05/14,65,6378,木村化,東１,870,,+140,+19.18%,"5,700",12.5,1.30,1.72
2021/05/14,66,7731,ニコン,東１,"1,068",,+77,+7.77%,"5,658",24.5,0.73,2.81
2021/05/14,67,4901,富士フイルム,東１,"7,069",,+168,+2.43%,"5,608",21.7,1.28,1.41
2021/05/14,68,3903,ｇｕｍｉ,東１,"1,164",,+14,+1.22%,"5,583",－,2.24,－
2021/05/14,69,6752,パナソニック,東１,"1,215.5",,+9.0,+0.75%,"5,475",13.5,1.09,－
2021/05/14,70,8508,Ｊトラスト,東２,350,,+32,+10.06%,"5,459",18.5,0.38,0.29
2021/05/14,71,6697,テクポイント,東Ｍ,"1,781",,+158,+9.74%,"5,457",－,－,－
2021/05/14,72,9201,ＪＡＬ,東１,"2,255",,+11,+0.49%,"5,446",－,1.04,－
2021/05/14,73,3298,インベスコＯ,東Ｒ,"20,290",,+190,+0.95%,"5,434",25.2,1.56,3.96
2021/05/14,74,9107,川崎汽,東１,"2,769",,-25,-0.89%,"5,371",7.4,1.18,－
2021/05/14,75,2503,キリンＨＤ,東１,"2,146.5",,+41.0,+1.95%,"5,280",17.4,2.07,3.03
2021/05/14,76,7751,キヤノン,東１,"2,526.0",,+48.0,+1.94%,"5,277",18.9,0.99,3.56
2021/05/14,77,8309,三井住友トラ,東１,"3,872",,-17,-0.44%,"5,260",9.4,0.54,4.13
2021/05/14,78,8411,みずほＦＧ,東１,"1,617.5",,+23.5,+1.47%,"5,236",8.0,0.44,4.64
2021/05/14,79,4452,花王,東１,"6,819",,+29,+0.43%,"5,214",25.5,3.56,2.11
2021/05/14,80,2502,アサヒ,東１,"4,842",,+55,+1.15%,"5,205",16.1,1.48,2.25
2021/05/14,81,9101,郵船,東１,"4,315",,+90,+2.13%,"5,202",5.2,1.17,4.63
2021/05/14,82,6503,三菱電,東１,"1,628.5",,+8.0,+0.49%,"5,138",16.6,1.27,－
2021/05/14,83,8801,三井不,東１,"2,428.5",,+31.0,+1.29%,"5,085",14.6,0.91,1.81
2021/05/14,84,8035,東エレク,東１,"46,410",,"+2,110",+4.76%,"5,054",21.9,7.13,2.29
2021/05/14,85,7270,ＳＵＢＡＲＵ,東１,"2,047.0",,+22.0,+1.09%,"5,039",11.2,0.88,2.74
2021/05/14,86,4563,アンジェス,東Ｍ,961,,+35,+3.78%,"4,991",－,3.69,－
2021/05/14,87,7012,川重,東１,"2,577",,-3,-0.12%,"4,979",25.3,0.93,1.16
2021/05/14,88,5202,板硝子,東１,634,,-110,-14.78%,"4,951",8.2,1.81,－
2021/05/14,89,1925,大和ハウス,東１,"3,262.0",,+6.0,+0.18%,"4,926",9.9,1.16,3.86
2021/05/14,90,6952,カシオ,東１,"1,763",,-114,-6.07%,"4,921",25.2,2.02,－
2021/05/14,91,9434,ＳＢ,東１,"1,430.5",,+27.5,+1.96%,"4,904",13.4,4.43,6.01
2021/05/14,92,7752,リコー,東１,"1,234",,+27,+2.24%,"4,894",24.7,0.95,2.11
2021/05/14,93,8601,大和,東１,608.0,,+13.7,+2.31%,"4,860",－,0.69,－
2021/05/14,94,2914,ＪＴ,東１,"2,177.5",,+27.5,+1.28%,"4,851",16.1,1.47,5.97
2021/05/14,95,9983,ファストリ,東１,"86,930",,"+2,710",+3.22%,"4,851",53.8,8.41,0.55
2021/05/14,96,1458,楽天Ｗブル,東Ｅ,"17,540",,+770,+4.59%,"4,761",－,－,－
2021/05/14,97,1605,ＩＮＰＥＸ,東１,798,,+18,+2.31%,"4,741",8.3,0.40,4.14
2021/05/14,98,1552,ＶＩＸ短先物,東Ｅ,"3,735",,-395,-9.56%,"4,740",－,－,－
2021/05/14,99,7974,任天堂,東１,"61,280",,"+1,160",+1.93%,"4,735",21.5,3.89,2.33
2021/05/14,100,3962,チェンジ,東１,"3,115",,+207,+7.12%,"4,710",65.4,7.72,－
2021/05/14,101,6113,アマダ,東１,"1,125",,-20,-1.75%,"4,705",18.6,0.87,3.02
2021/05/14,102,4543,テルモ,東１,"3,952",,+104,+2.70%,"4,680",35.5,3.49,0.76
2021/05/14,103,3182,オイシックス,東１,"3,105",,+400,+14.79%,"4,660",37.8,5.94,－
2021/05/14,104,6301,コマツ,東１,"3,271.0",,+39.0,+1.21%,"4,654",21.2,1.62,1.90
2021/05/14,105,4507,塩野義,東１,"5,725",,+38,+0.67%,"4,649",17.3,2.04,1.92
2021/05/17,1,9984,ＳＢＧ,東１,"8,431",,-97,-1.14%,"43,686",－,1.41,0.52
2021/05/17,2,4689,ＺＨＤ,東１,470.9,,+15.6,+3.43%,"21,085",－,1.33,1.18
2021/05/17,3,6613,ＱＤレーザ,東Ｍ,"1,446",,+156,+12.09%,"19,792",－,13.13,－
2021/05/17,4,1570,日経レバ,東Ｅ,"14,760",,-280,-1.86%,"19,415",－,－,－
2021/05/17,5,8306,三菱ＵＦＪ,東１,612.5,,+4.8,+0.79%,"18,088",9.3,0.47,4.41
2021/05/17,6,7203,トヨタ,東１,"8,648",,+170,+2.01%,"16,519",10.5,1.03,－
2021/05/17,7,2586,フルッタ,東Ｍ,287,,+39,+15.73%,"13,692",－,2.97,－
2021/05/17,8,5401,日本製鉄,東１,"2,159.0",,-23.0,-1.05%,"13,352",8.3,0.72,－
2021/05/17,9,2502,アサヒ,東１,"5,033",,+191,+3.94%,"12,919",16.8,1.54,2.17
2021/05/17,10,6178,日本郵政,東１,925.5,,-20.1,-2.13%,"12,597",11.0,0.27,5.40
2021/05/17,11,7201,日産自,東１,537.8,,+3.4,+0.64%,"12,087",－,0.53,－
2021/05/17,12,3436,ＳＵＭＣＯ,東１,"2,449",,+3,+0.12%,"11,784",－,2.21,－
2021/05/17,13,8604,野村,東１,581.6,,+4.8,+0.83%,"11,621",－,0.67,－
2021/05/17,14,7936,アシックス,東１,"2,397",,+219,+10.06%,"11,453",159,3.07,1.00
2021/05/17,15,8411,みずほＦＧ,東１,"1,660.0",,+42.5,+2.63%,"11,281",8.3,0.45,4.52
2021/05/17,16,4477,ＢＡＳＥ,東Ｍ,"1,536",,-134,-8.02%,"10,983",－,10.37,－
2021/05/17,17,4582,シンバイオ,ＪＧ,"1,304",,-78,-5.64%,"10,056",43.4,12.96,－
2021/05/17,18,8316,三井住友ＦＧ,東１,"3,958",,-43,-1.07%,"9,185",9.0,0.46,5.05
2021/05/17,19,6098,リクルート,東１,"4,787",,-143,-2.90%,"9,035",47.4,7.17,－
2021/05/17,20,6629,Ｔホライゾン,ＪＱ,"1,593",,-48,-2.93%,"9,017",9.3,2.30,1.26
2021/05/17,21,6920,レーザーテク,東１,"17,250",,-410,-2.32%,"8,919",111,32.11,0.32
2021/05/17,22,8002,丸紅,東１,922.0,,-6.6,-0.71%,"8,876",7.0,0.88,3.69
2021/05/17,23,8750,第一生命ＨＤ,東１,"2,043.0",,-5.0,-0.24%,"8,721",8.1,0.47,3.77
2021/05/17,24,7267,ホンダ,東１,"3,238.0",,-89.0,-2.68%,"8,549",9.5,0.62,3.40
2021/05/17,25,5020,ＥＮＥＯＳ,東１,462.0,,-1.1,-0.24%,"8,521",10.6,0.64,4.76
2021/05/17,26,8698,マネックスＧ,東１,758,,-21,-2.70%,"8,408",－,2.18,－
2021/05/17,27,6326,クボタ,東１,"2,558.5",,-48.5,-1.86%,"8,328",19.6,1.97,－
2021/05/17,28,8308,りそなＨＤ,東１,472.3,,+2.4,+0.51%,"8,262",8.0,0.50,4.45
2021/05/17,29,4502,武田,東１,"3,768",,+28,+0.75%,"8,230",23.6,1.14,4.78
2021/05/17,30,2413,エムスリー,東１,"6,957",,-159,-2.23%,"8,026",－,23.63,－
2021/05/17,31,4188,三菱ケミＨＤ,東１,855.7,,+9.0,+1.06%,"7,970",12.5,0.98,2.80
2021/05/17,32,4751,サイバー,東１,"2,054",,-45,-2.14%,"7,914",41.5,10.37,0.49
2021/05/17,33,1357,日経Ｄインバ,東Ｅ,452,,+9,+2.03%,"7,816",－,－,－
2021/05/17,34,9201,ＪＡＬ,東１,"2,268",,+13,+0.58%,"7,567",－,1.05,－
2021/05/17,35,6981,村田製,東１,"8,164",,-106,-1.28%,"7,527",21.8,2.72,1.47
2021/05/17,36,4436,ミンカブ,東Ｍ,"3,220",,-205,-5.99%,"7,383",63.6,11.36,0.56
2021/05/17,37,8591,オリックス,東１,"1,828.0",,-28.5,-1.54%,"7,312",8.9,0.74,4.27
2021/05/17,38,6612,バルミューダ,東Ｍ,"7,060",,+270,+3.98%,"7,242",62.6,10.57,－
2021/05/17,39,7269,スズキ,東１,"4,361",,+111,+2.61%,"7,226",－,1.25,－
2021/05/17,40,7272,ヤマハ発,東１,"2,972",,+247,+9.06%,"7,181",11.5,1.37,3.03
2021/05/17,41,4755,楽天グループ,東１,"1,328",,+24,+1.84%,"7,138",－,2.43,－
2021/05/17,42,6890,フェローテク,ＪＱ,"2,230",,+30,+1.36%,"7,105",10.6,1.24,1.26
2021/05/17,43,4568,第一三共,東１,"2,633.0",,-69.5,-2.57%,"6,992",100,3.97,1.03
2021/05/17,44,6758,ソニーＧ,東１,"10,330",,+105,+1.03%,"6,978",19.4,2.30,－
2021/05/17,45,4503,アステラス,東１,"1,688.5",,+14.5,+0.87%,"6,939",15.0,2.26,2.96
2021/05/17,46,6501,日立,東１,"5,384",,0,0.00%,"6,818",9.5,1.48,－
2021/05/17,47,9202,ＡＮＡＨＤ,東１,"2,486.0",,+38.5,+1.57%,"6,818",334,1.16,－
2021/05/17,48,8035,東エレク,東１,"44,700",,"-1,710",-3.68%,"6,739",21.1,6.86,2.37
2021/05/17,49,3659,ネクソン,東１,"2,673",,-132,-4.71%,"6,596",－,3.07,0.19
2021/05/17,50,6752,パナソニック,東１,"1,209.0",,-6.5,-0.53%,"6,461",13.4,1.09,－
2021/05/17,51,3923,ラクス,東１,"2,016",,-19,-0.93%,"6,363",－,46.59,0.09
2021/05/17,52,1552,ＶＩＸ短先物,東Ｅ,"3,450",,-285,-7.63%,"6,338",－,－,－
2021/05/17,53,9433,ＫＤＤＩ,東１,"3,532.0",,0.0,0.00%,"6,174",12.2,1.68,3.54
2021/05/17,54,3903,ｇｕｍｉ,東１,"1,126",,-38,-3.26%,"6,103",－,2.17,－
2021/05/17,55,3681,ブイキューブ,東１,"2,632",,-100,-3.66%,"6,079",31.8,15.10,0.30
2021/05/17,56,3382,セブン＆アイ,東１,"4,790",,-152,-3.08%,"6,030",－,1.58,－
2021/05/17,57,5411,ＪＦＥ,東１,"1,533",,-11,-0.71%,"6,012",6.8,0.53,－
2021/05/17,58,5713,住友鉱,東１,"4,694",,-186,-3.81%,"5,956",12.4,1.16,2.83
2021/05/17,59,4612,日本ペＨＤ,東１,"1,690",,+85,+5.30%,"5,921",59.2,4.39,0.59
2021/05/17,60,8031,三井物,東１,"2,396.5",,-1.5,-0.06%,"5,908",8.6,0.87,3.76
2021/05/17,61,6541,グレイス,東１,"1,963",,-479,-19.62%,"5,851",69.5,17.40,－
2021/05/17,62,3402,東レ,東１,684.5,,-10.5,-1.51%,"5,838",13.7,0.89,2.34
2021/05/17,63,6723,ルネサス,東１,"1,168",,-16,-1.35%,"5,757",－,2.82,－
2021/05/17,64,4902,コニカミノル,東１,559,,-47,-7.76%,"5,714",14.5,0.51,5.37
2021/05/17,65,8058,三菱商,東１,"2,933.5",,-1.5,-0.05%,"5,662",11.4,0.77,4.57
2021/05/17,66,1458,楽天Ｗブル,東Ｅ,"17,220",,-320,-1.82%,"5,530",－,－,－
2021/05/17,67,9107,川崎汽,東１,"2,702",,-67,-2.42%,"5,402",7.2,1.16,－
2021/05/17,68,2489,アドウェイズ,東１,917,,+35,+3.97%,"5,382",155,3.20,0.39
2021/05/17,69,7013,ＩＨＩ,東１,"2,365",,+37,+1.59%,"5,381",10.0,1.17,2.54
2021/05/17,70,7733,オリンパス,東１,"2,083.5",,-13.5,-0.64%,"5,339",30.1,6.79,0.67
2021/05/17,71,5711,三菱マ,東１,"2,279",,-243,-9.64%,"5,334",14.9,0.55,2.19
2021/05/17,72,7202,いすゞ,東１,"1,351",,+49,+3.76%,"5,269",9.5,1.03,4.29
2021/05/17,73,2503,キリンＨＤ,東１,"2,142.5",,-4.0,-0.19%,"5,262",17.3,2.06,3.03
2021/05/17,74,3298,インベスコＯ,東Ｒ,"19,720",,-570,-2.81%,"5,214",24.4,1.52,4.08
2021/05/17,75,5802,住友電,東１,"1,599.5",,-39.0,-2.38%,"5,169",11.3,0.77,3.13
2021/05/17,76,2914,ＪＴ,東１,"2,171.5",,-6.0,-0.28%,"5,163",16.1,1.47,5.99
2021/05/17,77,7181,かんぽ生命,東１,"2,298",,+95,+4.31%,"5,163",11.0,0.45,3.92
2021/05/17,78,7806,ＭＴＧ,東Ｍ,"1,440",,-180,-11.11%,"5,154",19.6,1.58,－
2021/05/17,79,6835,アライドＨＤ,東２,120,,+18,+17.65%,"5,088",－,2.30,－
2021/05/17,80,6301,コマツ,東１,"3,251.0",,-20.0,-0.61%,"5,020",21.0,1.61,1.91
2021/05/17,81,9432,ＮＴＴ,東１,"2,851.0",,-54.0,-1.86%,"5,015",9.5,1.37,3.86
2021/05/17,82,4901,富士フイルム,東１,"7,143",,+74,+1.05%,"4,943",22.0,1.30,1.40
2021/05/17,83,8795,Ｔ＆Ｄ,東１,"1,406",,-17,-1.19%,"4,896",51.9,0.54,3.98
2021/05/17,84,6594,日電産,東１,"11,850",,-120,-1.00%,"4,886",49.6,6.33,0.51
2021/05/17,85,3407,旭化成,東１,"1,226.0",,+4.5,+0.37%,"4,882",11.0,1.16,2.77
2021/05/17,86,8001,伊藤忠,東１,"3,293.0",,-6.0,-0.18%,"4,882",8.9,1.47,2.85
2021/05/17,87,7342,ウェルスナビ,東Ｍ,"3,290",,-340,-9.37%,"4,856",－,20.13,－
2021/05/17,88,2802,味の素,東１,"2,387.5",,-33.0,-1.36%,"4,854",21.8,2.11,1.84
2021/05/17,89,1812,鹿島,東１,"1,448",,-62,-4.11%,"4,836",9.1,0.84,3.73
2021/05/17,90,6081,アライドアキ,東Ｍ,851,,-2,-0.23%,"4,826",37.5,6.09,－
2021/05/17,91,9101,郵船,東１,"4,275",,-40,-0.93%,"4,799",5.2,1.15,4.68
2021/05/17,92,1579,日経ブル２,東Ｅ,"15,760",,-280,-1.75%,"4,797",－,－,－
2021/05/17,93,4911,資生堂,東１,"7,697",,+196,+2.61%,"4,792",86.6,6.22,0.65
2021/05/17,94,8113,ユニチャーム,東１,"4,265",,-11,-0.26%,"4,730",34.1,4.90,0.84
2021/05/17,95,6753,シャープ,東１,"1,828",,-91,-4.74%,"4,665",14.7,3.19,－
2021/05/17,96,6503,三菱電,東１,"1,639.0",,+10.5,+0.64%,"4,626",16.7,1.28,－
2021/05/17,97,9603,ＨＩＳ,東１,"2,263",,+101,+4.67%,"4,549",－,2.29,－
2021/05/17,98,8802,菱地所,東１,"1,805.5",,+14.0,+0.78%,"4,545",17.0,1.31,1.83
2021/05/17,99,7012,川重,東１,"2,529",,-48,-1.86%,"4,518",24.9,0.91,1.19
2021/05/17,100,7182,ゆうちょ銀,東１,961,,-84,-8.04%,"4,490",13.9,0.32,4.16
2021/05/17,101,7816,スノーピーク,東１,"3,315",,-460,-12.19%,"4,464",54.7,5.67,0.38
2021/05/17,102,7974,任天堂,東１,"62,710",,"+1,430",+2.33%,"4,441",22.0,3.99,2.28
2021/05/17,103,3291,飯田ＧＨＤ,東１,"2,829",,+112,+4.12%,"4,403",9.5,0.95,2.62
2021/05/17,104,2929,ファーマＦ,東１,"3,125",,-135,-4.14%,"4,301",64.7,21.03,0.48
2021/05/17,105,1459,楽天Ｗベア,東Ｅ,"1,801",,+35,+1.98%,"4,288",－,－,－
2021/05/18,1,9984,ＳＢＧ,東１,"8,647",,+216,+2.56%,"37,127",－,1.45,0.51
2021/05/18,2,8306,三菱ＵＦＪ,東１,626.6,,+14.1,+2.30%,"28,219",9.5,0.48,4.31
2021/05/18,3,2160,ジーエヌアイ,東Ｍ,"2,149",,+325,+17.82%,"21,614",126,6.17,－
2021/05/18,4,7203,トヨタ,東１,"8,819",,+171,+1.98%,"17,828",10.7,1.05,－
2021/05/18,5,4689,ＺＨＤ,東１,471.2,,+0.3,+0.06%,"17,752",－,1.33,1.18
2021/05/18,6,5401,日本製鉄,東１,"2,256.0",,+97.0,+4.49%,"16,613",8.7,0.75,－
2021/05/18,7,1570,日経レバ,東Ｅ,"15,370",,+610,+4.13%,"16,341",－,－,－
2021/05/18,8,8750,第一生命ＨＤ,東１,"2,162.0",,+119.0,+5.82%,"14,664",8.6,0.50,3.56
2021/05/18,9,6098,リクルート,東１,"5,131",,+344,+7.19%,"14,583",50.8,7.68,－
2021/05/18,10,8604,野村,東１,589.1,,+7.5,+1.29%,"14,513",－,0.68,－
2021/05/18,11,5020,ＥＮＥＯＳ,東１,473.9,,+11.9,+2.58%,"12,314",10.9,0.65,4.64
2021/05/18,12,7201,日産自,東１,539.6,,+1.8,+0.33%,"11,146",－,0.54,－
2021/05/18,13,4568,第一三共,東１,"2,639.5",,+6.5,+0.25%,"10,955",101,3.98,1.02
2021/05/18,14,8308,りそなＨＤ,東１,481.3,,+9.0,+1.91%,"9,944",8.1,0.51,4.36
2021/05/18,15,6198,Ｃａｒｅｅｒ,東Ｍ,535,S,+80,+17.58%,"9,858",453,3.89,－
2021/05/18,16,6178,日本郵政,東１,941.8,,+16.3,+1.76%,"9,500",11.2,0.28,5.31
2021/05/18,17,9433,ＫＤＤＩ,東１,"3,685.0",,+153.0,+4.33%,"9,492",12.7,1.75,3.39
2021/05/18,18,3436,ＳＵＭＣＯ,東１,"2,459",,+10,+0.41%,"9,473",－,2.22,－
2021/05/18,19,2502,アサヒ,東１,"5,161",,+128,+2.54%,"8,555",17.2,1.58,2.11
2021/05/18,20,2413,エムスリー,東１,"7,128",,+171,+2.46%,"8,468",－,24.21,－
2021/05/18,21,4188,三菱ケミＨＤ,東１,856.5,,+0.8,+0.09%,"8,451",12.5,0.98,2.80
2021/05/18,22,6758,ソニーＧ,東１,"10,320",,-10,-0.10%,"8,286",19.4,2.29,－
2021/05/18,23,6613,ＱＤレーザ,東Ｍ,"1,431",,-15,-1.04%,"8,203",－,13.00,－
2021/05/18,24,5108,ブリヂストン,東１,"4,734",,+77,+1.65%,"8,172",12.8,1.33,2.75
2021/05/18,25,8411,みずほＦＧ,東１,"1,685.0",,+25.0,+1.51%,"8,068",8.4,0.46,4.45
2021/05/18,26,2503,キリンＨＤ,東１,"2,185.0",,+42.5,+1.98%,"8,034",17.7,2.10,2.97
2021/05/18,27,8002,丸紅,東１,945.4,,+23.4,+2.54%,"7,977",7.1,0.90,3.60
2021/05/18,28,8591,オリックス,東１,"1,878.0",,+50.0,+2.74%,"7,649",9.2,0.76,4.15
2021/05/18,29,8316,三井住友ＦＧ,東１,"4,035",,+77,+1.95%,"7,447",9.2,0.47,4.96
2021/05/18,30,7267,ホンダ,東１,"3,346.0",,+108.0,+3.34%,"7,425",9.8,0.64,3.29
2021/05/18,31,3402,東レ,東１,678.8,,-5.7,-0.83%,"7,322",13.6,0.88,2.36
2021/05/18,32,8801,三井不,東１,"2,567.5",,+99.0,+4.01%,"7,317",15.4,0.97,1.71
2021/05/18,33,6629,Ｔホライゾン,ＪＱ,"1,702",,+109,+6.84%,"7,219",10.0,2.46,1.18
2021/05/18,34,1357,日経Ｄインバ,東Ｅ,431,,-21,-4.65%,"7,130",－,－,－
2021/05/18,35,7013,ＩＨＩ,東１,"2,490",,+125,+5.29%,"7,108",10.6,1.23,2.41
2021/05/18,36,6920,レーザーテク,東１,"17,650",,+400,+2.32%,"7,094",113,32.86,0.31
2021/05/18,37,5713,住友鉱,東１,"4,983",,+289,+6.16%,"7,087",13.2,1.23,2.67
2021/05/18,38,6981,村田製,東１,"8,187",,+23,+0.28%,"7,043",21.8,2.73,1.47
2021/05/18,39,4612,日本ペＨＤ,東１,"1,610",,-80,-4.73%,"6,929",56.4,4.18,0.62
2021/05/18,40,4477,ＢＡＳＥ,東Ｍ,"1,650",,+114,+7.42%,"6,914",－,11.14,－
2021/05/18,41,3659,ネクソン,東１,"2,707",,+34,+1.27%,"6,895",－,3.11,0.18
2021/05/18,42,5411,ＪＦＥ,東１,"1,601",,+68,+4.44%,"6,831",7.1,0.55,－
2021/05/18,43,6752,パナソニック,東１,"1,196.5",,-12.5,-1.03%,"6,774",13.3,1.08,－
2021/05/18,44,8698,マネックスＧ,東１,797,,+39,+5.15%,"6,744",－,2.29,－
2021/05/18,45,3903,ｇｕｍｉ,東１,"1,210",,+84,+7.46%,"6,723",－,2.33,－
2021/05/18,46,6326,クボタ,東１,"2,633.0",,+74.5,+2.91%,"6,654",20.1,2.03,－
2021/05/18,47,7936,アシックス,東１,"2,357",,-40,-1.67%,"6,504",156,3.02,1.02
2021/05/18,48,6501,日立,東１,"5,485",,+101,+1.88%,"6,394",9.6,1.50,－
2021/05/18,49,3407,旭化成,東１,"1,234.5",,+8.5,+0.69%,"6,363",11.1,1.17,2.75
2021/05/18,50,8031,三井物,東１,"2,451.0",,+54.5,+2.27%,"6,346",8.8,0.89,3.67
2021/05/18,51,9202,ＡＮＡＨＤ,東１,"2,532.0",,+46.0,+1.85%,"6,333",340,1.18,－
2021/05/18,52,6902,デンソー,東１,"7,389",,+227,+3.17%,"6,267",18.1,1.47,1.89
2021/05/18,53,4883,モダリス,東Ｍ,"1,324",,-73,-5.23%,"6,258",－,5.88,－
2021/05/18,54,8001,伊藤忠,東１,"3,307.0",,+14.0,+0.43%,"6,254",8.9,1.48,2.84
2021/05/18,55,2586,フルッタ,東Ｍ,280,,-7,-2.44%,"6,222",－,2.90,－
2021/05/18,56,7733,オリンパス,東１,"2,170.0",,+86.5,+4.15%,"6,210",31.3,7.07,0.65
2021/05/18,57,8058,三菱商,東１,"2,959.0",,+25.5,+0.87%,"6,115",11.5,0.78,4.53
2021/05/18,58,3647,ジー・スリー,東２,476,,+28,+6.25%,"5,998",50.2,3.50,－
2021/05/18,59,4503,アステラス,東１,"1,687.0",,-1.5,-0.09%,"5,911",15.0,2.26,2.96
2021/05/18,60,2802,味の素,東１,"2,491.0",,+103.5,+4.34%,"5,886",22.8,2.20,1.77
2021/05/18,61,4582,シンバイオ,ＪＧ,"1,385",,+81,+6.21%,"5,856",46.0,13.76,－
2021/05/18,62,7202,いすゞ,東１,"1,359",,+8,+0.59%,"5,817",9.6,1.03,4.27
2021/05/18,63,4563,アンジェス,東Ｍ,973,,+58,+6.34%,"5,771",－,3.74,－
2021/05/18,64,4901,富士フイルム,東１,"7,203",,+60,+0.84%,"5,766",22.2,1.31,1.39
2021/05/18,65,3382,セブン＆アイ,東１,"4,906",,+116,+2.42%,"5,679",－,1.62,－
2021/05/18,66,4764,ＮｅｘｕｓＢ,ＪＧ,189,,+23,+13.86%,"5,667",4.1,0.31,－
2021/05/18,67,8795,Ｔ＆Ｄ,東１,"1,511",,+105,+7.47%,"5,663",55.8,0.58,3.71
2021/05/18,68,6723,ルネサス,東１,"1,157",,-11,-0.94%,"5,605",－,2.79,－
2021/05/18,69,9201,ＪＡＬ,東１,"2,299",,+31,+1.37%,"5,601",－,1.06,－
2021/05/18,70,4751,サイバー,東１,"2,104",,+50,+2.43%,"5,594",42.5,10.62,0.48
2021/05/18,71,7269,スズキ,東１,"4,403",,+42,+0.96%,"5,349",－,1.27,－
2021/05/18,72,8601,大和,東１,623.0,,+8.4,+1.37%,"5,266",－,0.71,－
2021/05/18,73,8113,ユニチャーム,東１,"4,399",,+134,+3.14%,"5,224",35.1,5.05,0.82
2021/05/18,74,4502,武田,東１,"3,778",,+10,+0.27%,"5,139",23.6,1.14,4.76
2021/05/18,75,9142,ＪＲ九州,東１,"2,533",,+49,+1.97%,"5,136",30.9,1.02,3.67
2021/05/18,76,7974,任天堂,東１,"61,830",,-880,-1.40%,"5,133",21.7,3.93,2.31
2021/05/18,77,9432,ＮＴＴ,東１,"2,897.0",,+46.0,+1.61%,"5,089",9.7,1.39,3.80
2021/05/18,78,1605,ＩＮＰＥＸ,東１,825,,+26,+3.25%,"5,081",8.6,0.41,4.00
2021/05/18,79,4755,楽天グループ,東１,"1,325",,-3,-0.23%,"5,078",－,2.42,－
2021/05/18,80,6301,コマツ,東１,"3,354.0",,+103.0,+3.17%,"5,047",21.7,1.66,1.85
2021/05/18,81,9603,ＨＩＳ,東１,"2,373",,+110,+4.86%,"4,913",－,2.40,－
2021/05/18,82,6541,グレイス,東１,"2,038",,+75,+3.82%,"4,871",72.2,18.06,－
2021/05/18,83,6594,日電産,東１,"12,260",,+410,+3.46%,"4,809",51.3,6.55,0.49
2021/05/18,84,8802,菱地所,東１,"1,815.5",,+10.0,+0.55%,"4,778",17.1,1.31,1.82
2021/05/18,85,9983,ファストリ,東１,"88,930",,"+2,840",+3.30%,"4,724",55.0,8.60,0.54
2021/05/18,86,8035,東エレク,東１,"45,280",,+580,+1.30%,"4,723",21.3,6.95,2.34
2021/05/18,87,4436,ミンカブ,東Ｍ,"3,400",,+180,+5.59%,"4,706",67.1,12.00,0.53
2021/05/18,88,1925,大和ハウス,東１,"3,187.0",,-55.0,-1.70%,"4,621",9.7,1.14,3.95
2021/05/18,89,7270,ＳＵＢＡＲＵ,東１,"2,062.0",,+10.5,+0.51%,"4,589",11.3,0.89,2.72
2021/05/18,90,7741,ＨＯＹＡ,東１,"13,865",,+565,+4.25%,"4,571",－,7.43,－
2021/05/18,91,7272,ヤマハ発,東１,"2,965",,-7,-0.24%,"4,552",11.5,1.36,3.04
2021/05/18,92,6890,フェローテク,ＪＱ,"2,165",,-65,-2.91%,"4,526",10.3,1.20,1.29
2021/05/18,93,3856,Ａバランス,東２,"5,000",,-460,-8.42%,"4,521",61.5,6.49,－
2021/05/18,94,5802,住友電,東１,"1,637.5",,+38.0,+2.38%,"4,514",11.6,0.78,3.05
2021/05/18,95,3681,ブイキューブ,東１,"2,708",,+76,+2.89%,"4,417",32.8,15.54,0.30
2021/05/18,96,9021,ＪＲ西日本,東１,"6,257",,+166,+2.73%,"4,407",398,1.40,1.60
2021/05/18,97,9024,西武ＨＤ,東１,"1,189",,+24,+2.06%,"4,370",－,1.19,0.42
2021/05/18,98,4452,花王,東１,"6,773",,+8,+0.12%,"4,348",25.3,3.53,2.13
2021/05/18,99,9020,ＪＲ東日本,東１,"7,642",,+99,+1.31%,"4,343",80.1,1.14,1.31
2021/05/18,100,9107,川崎汽,東１,"2,765",,+63,+2.33%,"4,339",7.4,1.18,－
2021/05/18,101,7181,かんぽ生命,東１,"2,341",,+43,+1.87%,"4,320",7.9,0.33,3.84
2021/05/18,102,8766,東京海上,東１,"5,591",,+146,+2.68%,"4,314",19.4,1.09,4.20
2021/05/18,103,6503,三菱電,東１,"1,663.0",,+24.0,+1.46%,"4,175",17.0,1.30,－
2021/05/18,104,9048,名鉄,東１,"2,105",,+12,+0.57%,"4,160",37.6,1.11,0.59
2021/05/18,105,3099,三越伊勢丹,東１,797,,+28,+3.64%,"4,148",304,0.61,1.25
2021/05/19,1,9984,ＳＢＧ,東１,"8,470",,-177,-2.05%,"41,069",－,1.42,0.52
2021/05/19,2,8306,三菱ＵＦＪ,東１,634.4,,+7.8,+1.24%,"31,277",9.6,0.48,4.26
2021/05/19,3,4188,三菱ケミＨＤ,東１,881.0,,+24.5,+2.86%,"17,730",12.9,1.01,2.72
2021/05/19,4,1570,日経レバ,東Ｅ,"14,990",,-380,-2.47%,"16,302",－,－,－
2021/05/19,5,7203,トヨタ,東１,"8,699",,-120,-1.36%,"15,404",10.6,1.04,－
2021/05/19,6,4582,シンバイオ,ＪＧ,"1,477",,+92,+6.64%,"14,023",49.1,14.68,－
2021/05/19,7,2160,ジーエヌアイ,東Ｍ,"2,330",,+181,+8.42%,"13,780",137,6.69,－
2021/05/19,8,8604,野村,東１,589.4,,+0.3,+0.05%,"13,291",－,0.68,－
2021/05/19,9,7201,日産自,東１,522.4,,-17.2,-3.19%,"12,385",－,0.52,－
2021/05/19,10,5020,ＥＮＥＯＳ,東１,469.1,,-4.8,-1.01%,"12,099",10.8,0.65,4.69
2021/05/19,11,8308,りそなＨＤ,東１,476.9,,-4.4,-0.91%,"11,757",8.0,0.50,4.40
2021/05/19,12,1447,ＩＴｂｏｏｋ,東Ｍ,472,,+25,+5.59%,"11,381",64.9,3.60,－
2021/05/19,13,6613,ＱＤレーザ,東Ｍ,"1,535",,+104,+7.27%,"11,329",－,13.94,－
2021/05/19,14,3647,ジー・スリー,東２,544,,+68,+14.29%,"11,169",57.3,4.00,－
2021/05/19,15,6098,リクルート,東１,"5,132",,+1,+0.02%,"10,916",50.8,7.68,－
2021/05/19,16,4563,アンジェス,東Ｍ,"1,025",,+52,+5.34%,"10,442",－,3.94,－
2021/05/19,17,3402,東レ,東１,664.4,,-14.4,-2.12%,"9,983",13.3,0.86,2.41
2021/05/19,18,8750,第一生命ＨＤ,東１,"2,173.0",,+11.0,+0.51%,"9,941",8.6,0.50,3.54
2021/05/19,19,5401,日本製鉄,東１,"2,215.5",,-40.5,-1.80%,"9,792",8.5,0.74,－
2021/05/19,20,4689,ＺＨＤ,東１,469.1,,-2.1,-0.45%,"9,622",－,1.33,1.19
2021/05/19,21,2413,エムスリー,東１,"7,045",,-83,-1.16%,"9,547",－,23.93,－
2021/05/19,22,6178,日本郵政,東１,934.7,,-7.1,-0.75%,"9,422",11.1,0.27,5.35
2021/05/19,23,8411,みずほＦＧ,東１,"1,700.0",,+15.0,+0.89%,"9,395",8.5,0.47,4.41
2021/05/19,24,3436,ＳＵＭＣＯ,東１,"2,407",,-52,-2.11%,"8,619",－,2.17,－
2021/05/19,25,8002,丸紅,東１,929.0,,-16.4,-1.73%,"8,295",7.0,0.89,3.66
2021/05/19,26,9202,ＡＮＡＨＤ,東１,"2,569.0",,+37.0,+1.46%,"8,192",345,1.20,－
2021/05/19,27,4477,ＢＡＳＥ,東Ｍ,"1,687",,+37,+2.24%,"8,178",－,11.39,－
2021/05/19,28,8698,マネックスＧ,東１,768,,-29,-3.64%,"8,117",－,2.21,－
2021/05/19,29,4503,アステラス,東１,"1,692.5",,+5.5,+0.33%,"8,060",15.0,2.26,2.95
2021/05/19,30,4568,第一三共,東１,"2,623.5",,-16.0,-0.61%,"8,056",100,3.95,1.03
2021/05/19,31,6629,Ｔホライゾン,ＪＱ,"1,763",,+61,+3.58%,"7,940",10.3,2.54,1.13
2021/05/19,32,6981,村田製,東１,"8,066",,-121,-1.48%,"7,837",21.5,2.69,1.49
2021/05/19,33,8316,三井住友ＦＧ,東１,"4,013",,-22,-0.55%,"7,811",9.2,0.47,4.98
2021/05/19,34,6541,グレイス,東１,"1,918",,-120,-5.89%,"7,770",67.9,17.00,－
2021/05/19,35,1552,ＶＩＸ短先物,東Ｅ,"3,585",,+220,+6.54%,"7,705",－,－,－
2021/05/19,36,6723,ルネサス,東１,"1,129",,-28,-2.42%,"7,513",－,2.73,－
2021/05/19,37,7267,ホンダ,東１,"3,309.0",,-37.0,-1.11%,"7,292",9.7,0.63,3.32
2021/05/19,38,6326,クボタ,東１,"2,536.0",,-97.0,-3.68%,"7,263",19.4,1.96,－
2021/05/19,39,6198,Ｃａｒｅｅｒ,東Ｍ,507,,-28,-5.23%,"7,227",429,3.68,－
2021/05/19,40,9433,ＫＤＤＩ,東１,"3,721.0",,+36.0,+0.98%,"7,145",12.9,1.77,3.36
2021/05/19,41,6501,日立,東１,"5,406",,-79,-1.44%,"7,132",9.5,1.48,－
2021/05/19,42,8591,オリックス,東１,"1,874.5",,-3.5,-0.19%,"7,000",9.1,0.75,4.16
2021/05/19,43,8031,三井物,東１,"2,421.5",,-29.5,-1.20%,"6,859",8.7,0.88,3.72
2021/05/19,44,4755,楽天グループ,東１,"1,295",,-30,-2.26%,"6,823",－,2.37,－
2021/05/19,45,1357,日経Ｄインバ,東Ｅ,443,,+12,+2.78%,"6,627",－,－,－
2021/05/19,46,4502,武田,東１,"3,768",,-10,-0.26%,"6,607",23.6,1.14,4.78
2021/05/19,47,6758,ソニーＧ,東１,"10,420",,+100,+0.97%,"6,517",19.6,2.32,－
2021/05/19,48,3659,ネクソン,東１,"2,792",,+85,+3.14%,"6,399",－,3.21,0.18
2021/05/19,49,4519,中外薬,東１,"4,179",,+68,+1.65%,"6,371",－,6.99,1.44
2021/05/19,50,6752,パナソニック,東１,"1,190.0",,-6.5,-0.54%,"6,313",13.2,1.07,－
2021/05/19,51,6614,シキノＨＴ,ＪＱ,"1,858",,+231,+14.20%,"6,263",47.8,6.56,－
2021/05/19,52,6920,レーザーテク,東１,"17,850",,+200,+1.13%,"6,257",114,33.23,0.31
2021/05/19,53,2502,アサヒ,東１,"5,039",,-122,-2.36%,"6,254",16.8,1.54,2.16
2021/05/19,54,3407,旭化成,東１,"1,215.0",,-19.5,-1.58%,"6,158",10.9,1.15,2.80
2021/05/19,55,9983,ファストリ,東１,"86,150",,"-2,780",-3.13%,"6,120",53.3,8.33,0.56
2021/05/19,56,6301,コマツ,東１,"3,223.0",,-131.0,-3.91%,"6,057",20.9,1.59,1.92
2021/05/19,57,3903,ｇｕｍｉ,東１,"1,160",,-50,-4.13%,"6,024",－,2.23,－
2021/05/19,58,7741,ＨＯＹＡ,東１,"14,345",,+480,+3.46%,"5,959",－,7.69,－
2021/05/19,59,4901,富士フイルム,東１,"7,124",,-79,-1.10%,"5,873",21.9,1.29,1.40
2021/05/19,60,4888,ステラファ,東Ｍ,524,,+43,+8.94%,"5,671",－,62.75,－
2021/05/19,61,4751,サイバー,東１,"2,093",,-11,-0.52%,"5,638",42.3,10.56,0.48
2021/05/19,62,8058,三菱商,東１,"2,936.0",,-23.0,-0.78%,"5,590",11.4,0.77,4.56
2021/05/19,63,8601,大和,東１,624.3,,+1.3,+0.21%,"5,564",－,0.71,－
2021/05/19,64,4488,ＡＩｉｎｓ,東Ｍ,"16,340",,"+1,310",+8.72%,"5,563",222,14.80,－
2021/05/19,65,7269,スズキ,東１,"4,491",,+88,+2.00%,"5,550",－,1.29,－
2021/05/19,66,8113,ユニチャーム,東１,"4,410",,+11,+0.25%,"5,547",35.2,5.06,0.82
2021/05/19,67,6503,三菱電,東１,"1,654.0",,-9.0,-0.54%,"5,482",16.9,1.29,－
2021/05/19,68,4612,日本ペＨＤ,東１,"1,549",,-61,-3.79%,"5,468",54.3,4.02,0.65
2021/05/19,69,9107,川崎汽,東１,"2,789",,+24,+0.87%,"5,381",7.4,1.19,－
2021/05/19,70,9603,ＨＩＳ,東１,"2,422",,+49,+2.06%,"5,346",－,2.45,－
2021/05/19,71,5108,ブリヂストン,東１,"4,808",,+74,+1.56%,"5,318",13.0,1.35,2.70
2021/05/19,72,4170,カイゼン,東Ｍ,"1,698",,+144,+9.27%,"5,268",167,8.08,－
2021/05/19,73,8801,三井不,東１,"2,538.0",,-29.5,-1.15%,"5,214",15.3,0.96,1.73
2021/05/19,74,2503,キリンＨＤ,東１,"2,154.5",,-30.5,-1.40%,"5,206",17.4,2.07,3.02
2021/05/19,75,7733,オリンパス,東１,"2,170.0",,0.0,0.00%,"5,196",31.3,7.07,0.65
2021/05/19,76,9432,ＮＴＴ,東１,"2,895.5",,-1.5,-0.05%,"5,155",9.7,1.39,3.80
2021/05/19,77,8766,東京海上,東１,"5,591",,0,0.00%,"5,070",19.4,1.09,4.20
2021/05/19,78,9142,ＪＲ九州,東１,"2,509",,-24,-0.95%,"5,065",30.6,1.01,3.71
2021/05/19,79,6902,デンソー,東１,"7,207",,-182,-2.46%,"5,064",17.6,1.44,1.94
2021/05/19,80,9201,ＪＡＬ,東１,"2,315",,+16,+0.70%,"5,051",－,1.07,－
2021/05/19,81,6594,日電産,東１,"12,050",,-210,-1.71%,"5,022",50.4,6.44,0.50
2021/05/19,82,5713,住友鉱,東１,"4,877",,-106,-2.13%,"5,013",12.9,1.20,2.73
2021/05/19,83,1812,鹿島,東１,"1,525",,+51,+3.46%,"5,009",9.6,0.88,3.54
2021/05/19,84,8795,Ｔ＆Ｄ,東１,"1,497",,-14,-0.93%,"5,002",55.2,0.57,3.74
2021/05/19,85,4507,塩野義,東１,"5,810",,+52,+0.90%,"4,973",17.5,2.07,1.89
2021/05/19,86,3382,セブン＆アイ,東１,"4,900",,-6,-0.12%,"4,899",－,1.62,－
2021/05/19,87,4180,Ａｐｐｉｅｒ,東Ｍ,"1,535",,+144,+10.35%,"4,881",－,7.37,－
2021/05/19,88,7270,ＳＵＢＡＲＵ,東１,"2,035.0",,-27.0,-1.31%,"4,878",11.1,0.88,2.75
2021/05/19,89,8035,東エレク,東１,"44,950",,-330,-0.73%,"4,812",21.2,6.90,2.36
2021/05/19,90,6754,アンリツ,東１,"2,010",,-31,-1.52%,"4,721",17.1,2.53,1.99
2021/05/19,91,7272,ヤマハ発,東１,"2,955",,-10,-0.34%,"4,689",11.5,1.36,3.05
2021/05/19,92,6753,シャープ,東１,"1,837",,-63,-3.32%,"4,688",14.8,3.20,－
2021/05/19,93,8001,伊藤忠,東１,"3,272.0",,-35.0,-1.06%,"4,671",8.8,1.47,2.87
2021/05/19,94,7013,ＩＨＩ,東１,"2,468",,-22,-0.88%,"4,571",10.5,1.22,2.43
2021/05/19,95,1458,楽天Ｗブル,東Ｅ,"17,490",,-470,-2.62%,"4,510",－,－,－
2021/05/19,96,5411,ＪＦＥ,東１,"1,576",,-25,-1.56%,"4,504",7.0,0.54,－
2021/05/19,97,3401,帝人,東１,"1,730",,-61,-3.41%,"4,476",9.5,0.82,3.18
2021/05/19,98,7751,キヤノン,東１,"2,532.0",,-10.0,-0.39%,"4,452",18.9,0.99,3.55
2021/05/19,99,1579,日経ブル２,東Ｅ,"16,000",,-420,-2.56%,"4,415",－,－,－
2021/05/19,100,8267,イオン,東１,"2,980.0",,-64.0,-2.10%,"4,409",100,2.60,1.21
2021/05/19,101,8697,日本取引所,東１,"2,564.0",,+36.5,+1.44%,"4,386",30.2,4.27,2.03
2021/05/19,102,2516,マザーズ,東Ｅ,851,,+28,+3.40%,"4,331",－,－,－
2021/05/19,103,6367,ダイキン,東１,"20,720",,-790,-3.67%,"4,304",34.3,3.64,0.87
2021/05/19,104,1605,ＩＮＰＥＸ,東１,807,,-18,-2.18%,"4,297",8.4,0.40,4.09
2021/05/19,105,4452,花王,東１,"6,849",,+76,+1.12%,"4,259",25.6,3.57,2.10
2021/05/20,1,9984,ＳＢＧ,東１,"8,500",,+30,+0.35%,"39,055",－,1.43,0.52
2021/05/20,2,8306,三菱ＵＦＪ,東１,631.9,,-2.5,-0.39%,"18,203",9.5,0.48,4.27
2021/05/20,3,2160,ジーエヌアイ,東Ｍ,"1,993",,-337,-14.46%,"17,599",117,5.72,－
2021/05/20,4,9202,ＡＮＡＨＤ,東１,"2,455.0",,-114.0,-4.44%,"17,148",329,1.15,－
2021/05/20,5,5401,日本製鉄,東１,"2,108.5",,-107.0,-4.83%,"14,634",8.1,0.70,－
2021/05/20,6,8604,野村,東１,594.5,,+5.1,+0.87%,"14,625",－,0.69,－
2021/05/20,7,7343,Ｂマインド,東Ｍ,"1,433",,+285,+24.83%,"14,597",28.5,2.81,0.84
2021/05/20,8,1570,日経レバ,東Ｅ,"15,010",,+20,+0.13%,"14,311",－,－,－
2021/05/20,9,6613,ＱＤレーザ,東Ｍ,"1,620",,+85,+5.54%,"13,112",－,14.71,－
2021/05/20,10,6775,ＴＢグループ,東２,233,,+19,+8.88%,"12,593",－,2.58,－
2021/05/20,11,5020,ＥＮＥＯＳ,東１,459.6,,-9.5,-2.03%,"10,548",10.5,0.63,4.79
2021/05/20,12,5713,住友鉱,東１,"4,640",,-237,-4.86%,"10,524",12.3,1.14,2.87
2021/05/20,13,4582,シンバイオ,ＪＧ,"1,473",,-4,-0.27%,"10,377",49.0,14.64,－
2021/05/20,14,8002,丸紅,東１,912.3,,-16.7,-1.80%,"10,343",6.9,0.87,3.73
2021/05/20,15,4188,三菱ケミＨＤ,東１,882.0,,+1.0,+0.11%,"10,278",12.9,1.01,2.72
2021/05/20,16,8766,東京海上,東１,"5,299",,-292,-5.22%,"10,275",11.7,1.00,4.06
2021/05/20,17,8698,マネックスＧ,東１,763,,-5,-0.65%,"9,986",－,2.19,－
2021/05/20,18,7203,トヨタ,東１,"8,665",,-34,-0.39%,"9,896",10.5,1.04,－
2021/05/20,19,3402,東レ,東１,687.7,,+23.3,+3.51%,"8,960",13.8,0.89,2.33
2021/05/20,20,7201,日産自,東１,530.1,,+7.7,+1.47%,"8,952",－,0.53,－
2021/05/20,21,3436,ＳＵＭＣＯ,東１,"2,419",,+12,+0.50%,"8,948",－,2.18,－
2021/05/20,22,5411,ＪＦＥ,東１,"1,482",,-94,-5.96%,"8,893",6.6,0.51,－
2021/05/20,23,4689,ＺＨＤ,東１,471.4,,+2.3,+0.49%,"8,552",－,1.33,1.18
2021/05/20,24,8750,第一生命ＨＤ,東１,"2,202.5",,+29.5,+1.36%,"8,492",8.8,0.51,3.50
2021/05/20,25,9201,ＪＡＬ,東１,"2,303",,-12,-0.52%,"8,454",－,1.06,－
2021/05/20,26,8630,ＳＯＭＰＯ,東１,"4,328",,-119,-2.68%,"7,998",12.3,0.76,4.85
2021/05/20,27,4498,サイバトラス,東Ｍ,"8,260",,+960,+13.15%,"7,798",83.5,8.56,－
2021/05/20,28,6098,リクルート,東１,"5,168",,+36,+0.70%,"7,761",51.2,7.74,－
2021/05/20,29,8308,りそなＨＤ,東１,474.2,,-2.7,-0.57%,"7,371",8.0,0.50,4.43
2021/05/20,30,3647,ジー・スリー,東２,518,,-26,-4.78%,"7,257",54.6,3.81,－
2021/05/20,31,2413,エムスリー,東１,"7,024",,-21,-0.30%,"7,148",－,23.86,－
2021/05/20,32,8591,オリックス,東１,"1,909.0",,+34.5,+1.84%,"7,148",9.3,0.77,4.09
2021/05/20,33,4568,第一三共,東１,"2,626.5",,+3.0,+0.11%,"6,966",100,3.96,1.03
2021/05/20,34,8725,ＭＳ＆ＡＤ,東１,"3,328.0",,-52.0,-1.54%,"6,869",8.1,0.60,4.81
2021/05/20,35,6920,レーザーテク,東１,"18,120",,+270,+1.51%,"6,752",116,33.73,0.30
2021/05/20,36,4477,ＢＡＳＥ,東Ｍ,"1,677",,-10,-0.59%,"6,734",－,11.43,－
2021/05/20,37,4503,アステラス,東１,"1,688.0",,-4.5,-0.27%,"6,588",15.0,2.26,2.96
2021/05/20,38,7859,アルメディオ,東２,164,,+15,+10.07%,"6,572",－,0.97,－
2021/05/20,39,6178,日本郵政,東１,935.4,,+0.7,+0.07%,"6,559",11.1,0.27,5.35
2021/05/20,40,8031,三井物,東１,"2,389.0",,-32.5,-1.34%,"6,384",8.6,0.87,3.77
2021/05/20,41,4751,サイバー,東１,"2,084",,-9,-0.43%,"6,352",42.1,10.52,0.48
2021/05/20,42,8411,みずほＦＧ,東１,"1,692.0",,-8.0,-0.47%,"6,304",8.4,0.46,4.43
2021/05/20,43,6981,村田製,東１,"8,196",,+130,+1.61%,"6,269",21.8,2.73,1.46
2021/05/20,44,6629,Ｔホライゾン,ＪＱ,"1,842",,+79,+4.48%,"6,032",10.8,2.66,1.09
2021/05/20,45,4502,武田,東１,"3,761",,-7,-0.19%,"5,965",23.5,1.14,4.79
2021/05/20,46,6326,クボタ,東１,"2,504.5",,-31.5,-1.24%,"5,959",19.1,1.93,－
2021/05/20,47,3659,ネクソン,東１,"2,649",,-143,-5.12%,"5,926",－,3.05,0.19
2021/05/20,48,6758,ソニーＧ,東１,"10,475",,+55,+0.53%,"5,851",19.7,2.33,－
2021/05/20,49,6723,ルネサス,東１,"1,145",,+16,+1.42%,"5,842",－,2.76,－
2021/05/20,50,8601,大和,東１,626.9,,+2.6,+0.42%,"5,841",－,0.72,－
2021/05/20,51,4180,Ａｐｐｉｅｒ,東Ｍ,"1,618",,+83,+5.41%,"5,738",－,7.77,－
2021/05/20,52,6752,パナソニック,東１,"1,189.0",,-1.0,-0.08%,"5,703",13.2,1.07,－
2021/05/20,53,3382,セブン＆アイ,東１,"4,818",,-82,-1.67%,"5,689",－,1.59,－
2021/05/20,54,1357,日経Ｄインバ,東Ｅ,441,,-2,-0.45%,"5,572",－,－,－
2021/05/20,55,7270,ＳＵＢＡＲＵ,東１,"2,084.0",,+49.0,+2.41%,"5,539",11.4,0.90,2.69
2021/05/20,56,8058,三菱商,東１,"2,921.5",,-14.5,-0.49%,"5,482",11.3,0.77,4.59
2021/05/20,57,8801,三井不,東１,"2,521.0",,-17.0,-0.67%,"5,379",15.2,0.95,1.75
2021/05/20,58,4901,富士フイルム,東１,"7,149",,+25,+0.35%,"5,353",22.0,1.30,1.40
2021/05/20,59,6614,シキノＨＴ,ＪＱ,"1,877",,+19,+1.02%,"5,278",48.3,6.62,－
2021/05/20,60,7733,オリンパス,東１,"2,197.5",,+27.5,+1.27%,"5,258",31.7,7.16,0.64
2021/05/20,61,3681,ブイキューブ,東１,"2,624",,-108,-3.95%,"5,252",31.7,15.06,0.30
2021/05/20,62,7267,ホンダ,東１,"3,292.0",,-17.0,-0.51%,"5,112",9.6,0.63,3.34
2021/05/20,63,4563,アンジェス,東Ｍ,993,,-32,-3.12%,"5,098",－,3.81,－
2021/05/20,64,5108,ブリヂストン,東１,"4,843",,+35,+0.73%,"5,060",13.1,1.36,2.68
2021/05/20,65,9983,ファストリ,東１,"85,700",,-450,-0.52%,"4,992",53.0,8.29,0.56
2021/05/20,66,8035,東エレク,東１,"45,870",,+920,+2.05%,"4,901",21.6,7.04,2.31
2021/05/20,67,8316,三井住友ＦＧ,東１,"3,998",,-15,-0.37%,"4,890",9.1,0.46,5.00
2021/05/20,68,1552,ＶＩＸ短先物,東Ｅ,"3,675",,+90,+2.51%,"4,845",－,－,－
2021/05/20,69,7936,アシックス,東１,"2,390",,+93,+4.05%,"4,767",159,3.06,1.00
2021/05/20,70,4755,楽天グループ,東１,"1,300",,+5,+0.39%,"4,753",－,2.38,－
2021/05/20,71,9432,ＮＴＴ,東１,"2,858.0",,-37.5,-1.30%,"4,752",9.5,1.37,3.85
2021/05/20,72,6301,コマツ,東１,"3,178.0",,-45.0,-1.40%,"4,748",20.6,1.57,1.95
2021/05/20,73,9142,ＪＲ九州,東１,"2,437",,-72,-2.87%,"4,747",29.7,0.98,3.82
2021/05/20,74,1605,ＩＮＰＥＸ,東１,778,,-29,-3.59%,"4,744",8.1,0.39,4.24
2021/05/20,75,3407,旭化成,東１,"1,223.0",,+8.0,+0.66%,"4,722",10.9,1.16,2.78
2021/05/20,76,7342,ウェルスナビ,東Ｍ,"3,525",,+235,+7.14%,"4,700",－,21.56,－
2021/05/20,77,2489,アドウェイズ,東１,"1,017",,+68,+7.17%,"4,693",172,3.55,0.35
2021/05/20,78,6501,日立,東１,"5,410",,+4,+0.07%,"4,670",9.5,1.48,－
2021/05/20,79,8795,Ｔ＆Ｄ,東１,"1,517",,+20,+1.34%,"4,565",56.0,0.58,3.69
2021/05/20,80,7741,ＨＯＹＡ,東１,"14,230",,-115,-0.80%,"4,510",－,7.63,－
2021/05/20,81,8802,菱地所,東１,"1,812.5",,+14.0,+0.78%,"4,477",17.1,1.31,1.82
2021/05/20,82,3903,ｇｕｍｉ,東１,"1,178",,+18,+1.55%,"4,414",－,2.27,－
2021/05/20,83,3298,インベスコＯ,東Ｒ,"18,950",,-560,-2.87%,"4,299",23.5,1.46,4.24
2021/05/20,84,1458,楽天Ｗブル,東Ｅ,"17,520",,+30,+0.17%,"4,288",－,－,－
2021/05/20,85,2914,ＪＴ,東１,"2,181.0",,-4.0,-0.18%,"4,267",16.1,1.47,5.96
2021/05/20,86,9433,ＫＤＤＩ,東１,"3,678",,-43,-1.16%,"4,267",12.7,1.75,3.40
2021/05/20,87,4488,ＡＩｉｎｓ,東Ｍ,"16,790",,+450,+2.75%,"4,213",229,15.21,－
2021/05/20,88,4934,Ｐアンチエイ,東Ｍ,"13,620",,"+1,210",+9.75%,"4,203",43.8,20.88,－
2021/05/20,89,6594,日電産,東１,"12,270",,+220,+1.83%,"4,068",51.3,6.56,0.49
2021/05/20,90,7751,キヤノン,東１,"2,551.0",,+19.0,+0.75%,"4,034",19.1,1.00,3.53
2021/05/20,91,8001,伊藤忠,東１,"3,250.0",,-22.0,-0.67%,"3,942",8.8,1.46,2.89
2021/05/20,92,4170,カイゼン,東Ｍ,"1,661",,-37,-2.18%,"3,901",164,7.90,－
2021/05/20,93,9024,西武ＨＤ,東１,"1,155",,-12,-1.03%,"3,879",－,1.16,0.43
2021/05/20,94,6890,フェローテク,ＪＱ,"2,280",,+138,+6.44%,"3,864",10.9,1.26,1.23
2021/05/20,95,6503,三菱電,東１,"1,673.0",,+19.0,+1.15%,"3,838",17.1,1.30,－
2021/05/20,96,9101,郵船,東１,"4,370",,-60,-1.35%,"3,803",5.3,1.18,4.58
2021/05/20,97,9603,ＨＩＳ,東１,"2,374",,-48,-1.98%,"3,795",－,2.40,－
2021/05/20,98,7269,スズキ,東１,"4,528",,+37,+0.82%,"3,775",－,1.30,－
2021/05/20,99,1579,日経ブル２,東Ｅ,"16,040",,+40,+0.25%,"3,734",－,－,－
2021/05/20,100,7011,三菱重,東１,"3,290.0",,+18.0,+0.55%,"3,683",12.3,0.81,2.74
2021/05/20,101,6753,シャープ,東１,"1,890",,+53,+2.89%,"3,679",15.2,3.30,－
2021/05/20,102,4436,ミンカブ,東Ｍ,"3,710",,+290,+8.48%,"3,672",73.2,13.09,0.49
2021/05/20,103,2502,アサヒ,東１,"5,073",,+34,+0.67%,"3,664",16.9,1.55,2.15
2021/05/20,104,6337,テセック,ＪＱ,"2,926",,+191,+6.98%,"3,644",13.0,1.74,2.05
2021/05/20,105,8053,住友商,東１,"1,510.5",,-1.0,-0.07%,"3,609",8.2,0.75,4.63
2021/05/21,1,9984,ＳＢＧ,東１,"8,505",,+5,+0.06%,"33,361",－,1.43,0.52
2021/05/21,2,8306,三菱ＵＦＪ,東１,620.5,,-11.4,-1.80%,"19,823",9.4,0.47,4.35
2021/05/21,3,6098,リクルート,東１,"5,367",,+199,+3.85%,"14,281",53.2,8.03,－
2021/05/21,4,1570,日経レバ,東Ｅ,"15,280",,+270,+1.80%,"12,865",－,－,－
2021/05/21,5,4582,シンバイオ,ＪＧ,"1,587",,+114,+7.74%,"12,804",53.0,15.83,－
2021/05/21,6,8604,野村,東１,594.7,,+0.2,+0.03%,"12,119",－,0.69,－
2021/05/21,7,5401,日本製鉄,東１,"2,090.0",,-18.5,-0.88%,"11,776",8.0,0.70,－
2021/05/21,8,6629,Ｔホライゾン,ＪＱ,"1,661",,-181,-9.83%,"11,734",9.7,2.40,1.20
2021/05/21,9,7343,Ｂマインド,東Ｍ,"1,378",,-55,-3.84%,"11,575",27.4,2.70,0.87
2021/05/21,10,6550,Ｆｒｉｎｇｅ,東Ｍ,440,,+39,+9.73%,"11,114",－,18.51,－
2021/05/21,11,5020,ＥＮＥＯＳ,東１,453.6,,-6.0,-1.31%,"10,888",10.4,0.63,4.85
2021/05/21,12,6198,Ｃａｒｅｅｒ,東Ｍ,609,S,+100,+19.65%,"10,864",516,4.42,－
2021/05/21,13,4498,サイバトラス,東Ｍ,"8,300",,+40,+0.48%,"10,705",83.9,8.60,－
2021/05/21,14,7203,トヨタ,東１,"8,743",,+78,+0.90%,"10,669",10.6,1.04,－
2021/05/21,15,4502,武田,東１,"3,815",,+54,+1.44%,"9,919",23.9,1.15,4.72
2021/05/21,16,4751,サイバー,東１,"2,160",,+76,+3.65%,"9,400",43.6,10.90,0.46
2021/05/21,17,8766,東京海上,東１,"5,191",,-108,-2.04%,"9,366",11.4,0.98,4.14
2021/05/21,18,6981,村田製,東１,"8,168",,-28,-0.34%,"8,640",21.8,2.72,1.47
2021/05/21,19,4188,三菱ケミＨＤ,東１,883.0,,+1.0,+0.11%,"8,431",12.9,1.01,2.72
2021/05/21,20,6613,ＱＤレーザ,東Ｍ,"1,609",,-11,-0.68%,"8,247",－,14.61,－
2021/05/21,21,2413,エムスリー,東１,"7,159",,+135,+1.92%,"8,199",－,24.32,－
2021/05/21,22,6920,レーザーテク,東１,"17,740",,-380,-2.10%,"8,128",114,33.03,0.31
2021/05/21,23,3659,ネクソン,東１,"2,654",,+5,+0.19%,"7,880",－,3.05,0.19
2021/05/21,24,2158,フロンテオ,東Ｍ,797,,+65,+8.88%,"7,807",89.2,6.98,0.38
2021/05/21,25,7201,日産自,東１,528.1,,-2.0,-0.38%,"7,740",－,0.52,－
2021/05/21,26,4689,ＺＨＤ,東１,473.9,,+2.5,+0.53%,"7,608",－,1.34,1.17
2021/05/21,27,4568,第一三共,東１,"2,632.0",,+5.5,+0.21%,"7,525",100,3.96,1.03
2021/05/21,28,9202,ＡＮＡＨＤ,東１,"2,452.0",,-3.0,-0.12%,"7,516",329,1.14,－
2021/05/21,29,3402,東レ,東１,694.4,,+6.7,+0.97%,"7,189",13.9,0.90,2.30
2021/05/21,30,2673,夢みつけ隊,ＪＱ,162,,+33,+25.58%,"7,169",－,0.77,－
2021/05/21,31,6178,日本郵政,東１,926.9,,-8.5,-0.91%,"7,070",11.0,0.27,5.39
2021/05/21,32,7974,任天堂,東１,"64,720",,"+2,040",+3.25%,"7,001",22.7,4.11,2.21
2021/05/21,33,8002,丸紅,東１,921.8,,+9.5,+1.04%,"6,940",7.0,0.88,3.69
2021/05/21,34,8308,りそなＨＤ,東１,472.0,,-2.2,-0.46%,"6,925",8.0,0.50,4.45
2021/05/21,35,6620,宮越ＨＤ,東１,"1,015",,+78,+8.32%,"6,880",79.6,1.83,－
2021/05/21,36,8698,マネックスＧ,東１,772,,+9,+1.18%,"6,859",－,2.22,－
2021/05/21,37,9433,ＫＤＤＩ,東１,"3,705.0",,+27.0,+0.73%,"6,783",12.8,1.76,3.37
2021/05/21,38,6501,日立,東１,"5,505",,+95,+1.76%,"6,770",9.7,1.51,－
2021/05/21,39,7342,ウェルスナビ,東Ｍ,"3,775",,+250,+7.09%,"6,591",－,23.09,－
2021/05/21,40,3903,ｇｕｍｉ,東１,"1,198",,+20,+1.70%,"6,577",－,2.30,－
2021/05/21,41,4766,ピーエイ,東２,220,,+25,+12.82%,"6,533",－,4.02,－
2021/05/21,42,8750,第一生命ＨＤ,東１,"2,174.0",,-28.5,-1.29%,"6,515",8.7,0.50,3.54
2021/05/21,43,3436,ＳＵＭＣＯ,東１,"2,434",,+15,+0.62%,"6,458",－,2.20,－
2021/05/21,44,2152,幼児活動研,ＪＱ,"1,344",,+276,+25.84%,"6,441",18.4,2.02,－
2021/05/21,45,6752,パナソニック,東１,"1,176.5",,-12.5,-1.05%,"6,346",13.1,1.06,－
2021/05/21,46,9432,ＮＴＴ,東１,"2,894.5",,+36.5,+1.28%,"6,281",9.7,1.39,3.80
2021/05/21,47,7269,スズキ,東１,"4,643",,+115,+2.54%,"6,215",－,1.34,－
2021/05/21,48,4503,アステラス,東１,"1,691.0",,+3.0,+0.18%,"6,195",15.0,2.26,2.96
2021/05/21,49,8591,オリックス,東１,"1,913.0",,+4.0,+0.21%,"6,193",9.3,0.77,4.08
2021/05/21,50,8316,三井住友ＦＧ,東１,"3,984",,-14,-0.35%,"6,143",9.1,0.46,5.02
2021/05/21,51,7267,ホンダ,東１,"3,309.0",,+17.0,+0.52%,"6,140",9.7,0.63,3.32
2021/05/21,52,4180,Ａｐｐｉｅｒ,東Ｍ,"1,681",,+63,+3.89%,"6,082",－,8.07,－
2021/05/21,53,4934,Ｐアンチエイ,東Ｍ,"14,180",,+560,+4.11%,"5,964",45.6,21.74,－
2021/05/21,54,8601,大和,東１,632.0,,+5.1,+0.81%,"5,934",－,0.72,－
2021/05/21,55,9142,ＪＲ九州,東１,"2,386",,-51,-2.09%,"5,885",29.1,0.96,3.90
2021/05/21,56,5411,ＪＦＥ,東１,"1,480",,-2,-0.13%,"5,879",6.6,0.51,－
2021/05/21,57,6758,ソニーＧ,東１,"10,525",,+50,+0.48%,"5,718",19.8,2.34,－
2021/05/21,58,7733,オリンパス,東１,"2,242.5",,+45.0,+2.05%,"5,612",32.4,7.31,0.62
2021/05/21,59,8031,三井物,東１,"2,406.5",,+17.5,+0.73%,"5,533",8.7,0.87,3.74
2021/05/21,60,8411,みずほＦＧ,東１,"1,686.0",,-6.0,-0.35%,"5,483",8.4,0.46,4.45
2021/05/21,61,4477,ＢＡＳＥ,東Ｍ,"1,666",,-11,-0.66%,"5,453",－,11.35,－
2021/05/21,62,2160,ジーエヌアイ,東Ｍ,"2,006",,+13,+0.65%,"5,331",122,5.96,－
2021/05/21,63,8058,三菱商,東１,"2,911.5",,-10.0,-0.34%,"5,278",11.3,0.77,4.60
2021/05/21,64,4436,ミンカブ,東Ｍ,"3,970",,+260,+7.01%,"5,195",78.4,14.01,0.45
2021/05/21,65,2502,アサヒ,東１,"5,122",,+49,+0.97%,"5,186",17.1,1.57,2.13
2021/05/21,66,7741,ＨＯＹＡ,東１,"14,530",,+300,+2.11%,"5,091",－,7.79,－
2021/05/21,67,8725,ＭＳ＆ＡＤ,東１,"3,342.0",,+14.0,+0.42%,"5,051",8.1,0.60,4.79
2021/05/21,68,6326,クボタ,東１,"2,498.0",,-6.5,-0.26%,"4,877",19.1,1.93,－
2021/05/21,69,8630,ＳＯＭＰＯ,東１,"4,322",,-6,-0.14%,"4,811",12.3,0.76,4.86
2021/05/21,70,5108,ブリヂストン,東１,"4,773",,-70,-1.45%,"4,809",12.9,1.34,2.72
2021/05/21,71,1357,日経Ｄインバ,東Ｅ,434,,-7,-1.59%,"4,758",－,－,－
2021/05/21,72,9020,ＪＲ東日本,東１,"7,467",,-115,-1.52%,"4,693",78.2,1.11,1.34
2021/05/21,73,3407,旭化成,東１,"1,220.0",,-3.0,-0.25%,"4,666",10.9,1.15,2.79
2021/05/21,74,6902,デンソー,東１,"7,366",,+125,+1.73%,"4,664",18.0,1.47,1.90
2021/05/21,75,3681,ブイキューブ,東１,"2,682",,+58,+2.21%,"4,654",32.4,15.39,0.30
2021/05/21,76,8035,東エレク,東１,"46,470",,+600,+1.31%,"4,627",21.9,7.14,2.28
2021/05/21,77,3382,セブン＆アイ,東１,"4,868",,+50,+1.04%,"4,487",－,1.61,－
2021/05/21,78,1605,ＩＮＰＥＸ,東１,748,,-30,-3.86%,"4,479",7.8,0.37,4.41
2021/05/21,79,6723,ルネサス,東１,"1,154",,+9,+0.79%,"4,464",－,2.79,－
2021/05/21,80,5713,住友鉱,東１,"4,645",,+5,+0.11%,"4,434",12.3,1.15,2.86
2021/05/21,81,4612,日本ペＨＤ,東１,"1,549",,+3,+0.19%,"4,417",54.3,4.02,0.65
2021/05/21,82,4901,富士フイルム,東１,"7,265",,+116,+1.62%,"4,397",22.3,1.32,1.38
2021/05/21,83,9201,ＪＡＬ,東１,"2,298",,-5,-0.22%,"4,371",－,1.06,－
2021/05/21,84,8113,ユニチャーム,東１,"4,501",,+66,+1.49%,"4,350",36.0,5.17,0.80
2021/05/21,85,9048,名鉄,東１,"1,947",,-35,-1.77%,"4,263",34.8,1.03,0.64
2021/05/21,86,2503,キリンＨＤ,東１,"2,175.0",,+16.5,+0.76%,"4,240",17.6,2.09,2.99
2021/05/21,87,9021,ＪＲ西日本,東１,"6,111",,-106,-1.71%,"4,238",389,1.37,1.64
2021/05/21,88,6301,コマツ,東１,"3,191.0",,+13.0,+0.41%,"4,228",20.7,1.58,1.94
2021/05/21,89,1552,ＶＩＸ短先物,東Ｅ,"3,475",,-200,-5.44%,"4,038",－,－,－
2021/05/21,90,8801,三井不,東１,"2,501.5",,-19.5,-0.77%,"4,026",15.0,0.94,1.76
2021/05/21,91,3298,インベスコＯ,東Ｒ,"22,450",,"+3,500",+18.47%,"3,944",27.8,1.73,3.58
2021/05/21,92,9107,川崎汽,東１,"2,801",,+23,+0.83%,"3,918",7.5,1.20,－
2021/05/21,93,1812,鹿島,東１,"1,547",,+18,+1.18%,"3,911",9.8,0.89,3.49
2021/05/21,94,6857,アドテスト,東１,"9,450",,-10,-0.11%,"3,909",29.0,6.62,－
2021/05/21,95,7202,いすゞ,東１,"1,427",,+20,+1.42%,"3,890",10.1,1.08,4.06
2021/05/21,96,2489,アドウェイズ,東１,958,,-59,-5.80%,"3,831",162,3.34,0.38
2021/05/21,97,8001,伊藤忠,東１,"3,267.0",,+17.0,+0.52%,"3,815",8.8,1.46,2.88
2021/05/21,98,6594,日電産,東１,"12,280",,+10,+0.08%,"3,800",51.4,6.56,0.49
2021/05/21,99,4552,ＪＣＲファ,東１,"3,205",,-170,-5.04%,"3,788",29.8,10.46,0.50
2021/05/21,100,2914,ＪＴ,東１,"2,172.5",,-8.5,-0.39%,"3,766",16.1,1.47,5.98
2021/05/21,101,6614,シキノＨＴ,ＪＱ,"1,930",,+53,+2.82%,"3,766",49.8,6.82,－
2021/05/21,102,7751,キヤノン,東１,"2,556.5",,+5.5,+0.22%,"3,766",19.1,1.00,3.52
2021/05/21,103,2802,味の素,東１,"2,427.0",,-4.5,-0.19%,"3,725",22.2,2.15,1.81
2021/05/21,104,4528,小野薬,東１,"2,536.5",,+26.5,+1.06%,"3,645",15.5,1.99,2.21
2021/05/21,105,8795,Ｔ＆Ｄ,東１,"1,478",,-39,-2.57%,"3,644",54.5,0.56,3.79
2021/05/24,1,9984,ＳＢＧ,東１,"8,315",,-190,-2.23%,"35,372",－,1.39,0.53
2021/05/24,2,4582,シンバイオ,ＪＧ,"1,510",,-77,-4.85%,"29,298",50.4,15.07,－
2021/05/24,3,8306,三菱ＵＦＪ,東１,630.2,,+9.7,+1.56%,"17,508",9.5,0.48,4.28
2021/05/24,4,6198,Ｃａｒｅｅｒ,東Ｍ,653,,+44,+7.22%,"15,203",553,4.74,－
2021/05/24,5,7203,トヨタ,東１,"8,835",,+92,+1.05%,"14,253",10.7,1.06,－
2021/05/24,6,4188,三菱ケミＨＤ,東１,907.3,,+24.3,+2.75%,"12,827",13.3,1.04,2.65
2021/05/24,7,8604,野村,東１,598.5,,+3.8,+0.64%,"11,690",－,0.69,－
2021/05/24,8,1570,日経レバ,東Ｅ,"15,310",,+30,+0.20%,"10,984",－,－,－
2021/05/24,9,5401,日本製鉄,東１,"2,115.5",,+25.5,+1.22%,"10,369",8.1,0.71,－
2021/05/24,10,7201,日産自,東１,532.8,,+4.7,+0.89%,"9,746",－,0.53,－
2021/05/24,11,8308,りそなＨＤ,東１,481.5,,+9.5,+2.01%,"9,154",8.1,0.51,4.36
2021/05/24,12,4689,ＺＨＤ,東１,470.4,,-3.5,-0.74%,"9,111",－,1.33,1.18
2021/05/24,13,6550,Ｆｒｉｎｇｅ,東Ｍ,431,,-9,-2.05%,"9,010",－,18.13,－
2021/05/24,14,6613,ＱＤレーザ,東Ｍ,"1,500",,-109,-6.77%,"8,893",－,13.62,－
2021/05/24,15,8002,丸紅,東１,940.8,,+19.0,+2.06%,"8,504",7.1,0.90,3.61
2021/05/24,16,3903,ｇｕｍｉ,東１,"1,058",,-140,-11.69%,"8,314",－,2.03,－
2021/05/24,17,6400,不二精機,ＪＱ,729,,+72,+10.96%,"8,299",15.5,2.98,0.69
2021/05/24,18,6098,リクルート,東１,"5,466",,+99,+1.84%,"8,197",54.1,8.18,－
2021/05/24,19,5020,ＥＮＥＯＳ,東１,456.3,,+2.7,+0.60%,"8,010",10.5,0.63,4.82
2021/05/24,20,4568,第一三共,東１,"2,575.5",,-56.5,-2.15%,"7,723",98.7,3.88,1.05
2021/05/24,21,8750,第一生命ＨＤ,東１,"2,233.5",,+59.5,+2.74%,"7,719",8.9,0.52,3.45
2021/05/24,22,7267,ホンダ,東１,"3,359.0",,+50.0,+1.51%,"7,643",9.8,0.64,3.27
2021/05/24,23,4751,サイバー,東１,"2,163",,+3,+0.14%,"7,415",43.7,10.92,0.46
2021/05/24,24,8473,ＳＢＩ,東１,"2,703",,-74,-2.66%,"7,246",－,1.18,－
2021/05/24,25,9202,ＡＮＡＨＤ,東１,"2,513.5",,+61.5,+2.51%,"7,025",337,1.17,－
2021/05/24,26,4502,武田,東１,"3,762",,-53,-1.39%,"7,003",23.5,1.14,4.78
2021/05/24,27,6501,日立,東１,"5,633",,+128,+2.33%,"6,942",9.9,1.54,－
2021/05/24,28,8411,みずほＦＧ,東１,"1,707.0",,+21.0,+1.25%,"6,835",8.5,0.47,4.39
2021/05/24,29,9107,川崎汽,東１,"3,015",,+214,+7.64%,"6,829",8.0,1.29,－
2021/05/24,30,7342,ウェルスナビ,東Ｍ,"3,835",,+60,+1.59%,"6,800",－,23.46,－
2021/05/24,31,3659,ネクソン,東１,"2,606",,-48,-1.81%,"6,795",－,3.00,0.19
2021/05/24,32,9142,ＪＲ九州,東１,"2,383",,-3,-0.13%,"6,714",29.0,0.96,3.90
2021/05/24,33,8316,三井住友ＦＧ,東１,"4,030",,+46,+1.15%,"6,468",9.2,0.47,4.96
2021/05/24,34,4503,アステラス,東１,"1,661.0",,-30.0,-1.77%,"6,423",14.7,2.22,3.01
2021/05/24,35,3197,すかいらーく,東１,"1,562",,-40,-2.50%,"6,380",769,2.75,－
2021/05/24,36,8698,マネックスＧ,東１,767,,-5,-0.65%,"6,351",－,2.21,－
2021/05/24,37,4477,ＢＡＳＥ,東Ｍ,"1,588",,-78,-4.68%,"6,329",－,10.82,－
2021/05/24,38,6178,日本郵政,東１,923.8,,-3.1,-0.33%,"6,285",11.0,0.27,5.41
2021/05/24,39,8591,オリックス,東１,"1,921.0",,+8.0,+0.42%,"6,220",9.4,0.77,4.06
2021/05/24,40,6758,ソニーＧ,東１,"10,510",,-15,-0.14%,"6,147",19.7,2.34,－
2021/05/24,41,6629,Ｔホライゾン,ＪＱ,"1,651",,-10,-0.60%,"6,018",9.7,2.38,1.21
2021/05/24,42,8766,東京海上,東１,"5,278",,+87,+1.68%,"5,850",11.6,1.00,4.07
2021/05/24,43,2413,エムスリー,東１,"7,153",,-6,-0.08%,"5,830",－,24.30,－
2021/05/24,44,9201,ＪＡＬ,東１,"2,366",,+68,+2.96%,"5,805",－,1.09,－
2021/05/24,45,6326,クボタ,東１,"2,559.0",,+61.0,+2.44%,"5,773",19.6,1.98,－
2021/05/24,46,9101,郵船,東１,"4,600",,+245,+5.63%,"5,725",5.5,1.24,4.35
2021/05/24,47,5411,ＪＦＥ,東１,"1,498",,+18,+1.22%,"5,597",6.6,0.51,－
2021/05/24,48,9433,ＫＤＤＩ,東１,"3,681",,-24,-0.65%,"5,575",12.7,1.75,3.40
2021/05/24,49,7974,任天堂,東１,"65,000",,+280,+0.43%,"5,497",22.8,4.13,2.20
2021/05/24,50,3436,ＳＵＭＣＯ,東１,"2,411",,-23,-0.94%,"5,457",－,2.18,－
2021/05/24,51,3402,東レ,東１,706.1,,+11.7,+1.68%,"5,441",14.1,0.91,2.27
2021/05/24,52,3298,インベスコＯ,東Ｒ,"22,330",,-120,-0.53%,"5,440",27.7,1.72,3.60
2021/05/24,53,6981,村田製,東１,"8,225",,+57,+0.70%,"5,379",21.9,2.74,1.46
2021/05/24,54,4755,楽天グループ,東１,"1,279",,-23,-1.77%,"5,290",－,2.34,－
2021/05/24,55,8058,三菱商,東１,"2,945.5",,+34.0,+1.17%,"5,273",11.4,0.77,4.55
2021/05/24,56,9432,ＮＴＴ,東１,"2,920.0",,+25.5,+0.88%,"5,264",9.7,1.40,3.77
2021/05/24,57,6752,パナソニック,東１,"1,182.5",,+6.0,+0.51%,"5,230",13.1,1.06,－
2021/05/24,58,8601,大和,東１,635.4,,+3.4,+0.54%,"5,067",－,0.73,－
2021/05/24,59,5713,住友鉱,東１,"4,627",,-18,-0.39%,"4,972",12.2,1.14,2.87
2021/05/24,60,8031,三井物,東１,"2,435.0",,+28.5,+1.18%,"4,916",8.8,0.88,3.70
2021/05/24,61,3407,旭化成,東１,"1,251.0",,+31.0,+2.54%,"4,792",11.2,1.18,2.72
2021/05/24,62,8001,伊藤忠,東１,"3,289.0",,+22.0,+0.67%,"4,705",8.9,1.47,2.86
2021/05/24,63,6920,レーザーテク,東１,"17,840",,+100,+0.56%,"4,696",114,33.21,0.31
2021/05/24,64,6902,デンソー,東１,"7,387",,+21,+0.29%,"4,606",18.1,1.47,1.90
2021/05/24,65,7751,キヤノン,東１,"2,607.0",,+50.5,+1.98%,"4,537",19.5,1.02,3.45
2021/05/24,66,4934,Ｐアンチエイ,東Ｍ,"14,110",,-70,-0.49%,"4,365",45.4,21.63,－
2021/05/24,67,9048,名鉄,東１,"1,912",,-35,-1.80%,"4,355",34.2,1.01,0.65
2021/05/24,68,3382,セブン＆アイ,東１,"4,886",,+18,+0.37%,"4,263",－,1.62,－
2021/05/24,69,8725,ＭＳ＆ＡＤ,東１,"3,323.0",,-19.0,-0.57%,"4,244",8.1,0.60,4.81
2021/05/24,70,5108,ブリヂストン,東１,"4,769",,-4,-0.08%,"4,225",12.9,1.34,2.73
2021/05/24,71,7733,オリンパス,東１,"2,243.0",,+0.5,+0.02%,"4,222",32.4,7.31,0.62
2021/05/24,72,2502,アサヒ,東１,"5,208",,+86,+1.68%,"4,205",17.4,1.59,2.09
2021/05/24,73,4901,富士フイルム,東１,"7,355",,+90,+1.24%,"4,199",22.6,1.33,1.36
2021/05/24,74,5802,住友電,東１,"1,625.0",,+5.0,+0.31%,"4,142",11.5,0.78,3.08
2021/05/24,75,2503,キリンＨＤ,東１,"2,200.0",,+25.0,+1.15%,"4,139",17.8,2.12,2.95
2021/05/24,76,8113,ユニチャーム,東１,"4,612",,+111,+2.47%,"4,091",36.8,5.29,0.78
2021/05/24,77,8252,丸井Ｇ,東１,"1,985",,-47,-2.31%,"4,064",25.8,1.47,2.62
2021/05/24,78,3064,モノタロウ,東１,"2,495",,+27,+1.09%,"4,043",71.8,25.41,0.46
2021/05/24,79,3647,ジー・スリー,東２,539,,+18,+3.45%,"4,036",56.8,3.97,－
2021/05/24,80,6723,ルネサス,東１,"1,160",,+6,+0.52%,"4,002",－,2.80,－
2021/05/24,81,3681,ブイキューブ,東１,"2,588",,-94,-3.50%,"3,940",31.3,14.85,0.31
2021/05/24,82,7269,スズキ,東１,"4,588",,-55,-1.18%,"3,938",－,1.32,－
2021/05/24,83,7741,ＨＯＹＡ,東１,"14,665",,+135,+0.93%,"3,918",－,7.86,－
2021/05/24,84,2914,ＪＴ,東１,"2,189.0",,+16.5,+0.76%,"3,897",16.2,1.48,5.94
2021/05/24,85,1357,日経Ｄインバ,東Ｅ,433,,-1,-0.23%,"3,885",－,－,－
2021/05/24,86,2341,アルバイトＴ,ＪＱ,155,,+17,+12.32%,"3,873",242,0.95,1.94
2021/05/24,87,8354,ふくおかＦＧ,東１,"2,030",,+34,+1.70%,"3,821",7.7,0.40,4.68
2021/05/24,88,2929,ファーマＦ,東１,"3,085",,-235,-7.08%,"3,788",63.8,20.76,0.49
2021/05/24,89,7363,ベビカレ,東Ｍ,"7,350",,-310,-4.05%,"3,781",62.8,9.30,－
2021/05/24,90,6753,シャープ,東１,"1,953",,+45,+2.36%,"3,770",15.7,3.40,－
2021/05/24,91,5334,特殊陶,東１,"1,678",,-29,-1.70%,"3,750",9.2,0.76,4.41
2021/05/24,92,9020,ＪＲ東日本,東１,"7,532",,+65,+0.87%,"3,748",78.9,1.12,1.33
2021/05/24,93,7012,川重,東１,"2,493",,+63,+2.59%,"3,736",24.5,0.89,1.20
2021/05/24,94,7202,いすゞ,東１,"1,419",,-8,-0.56%,"3,728",10.0,1.08,4.09
2021/05/24,95,6113,アマダ,東１,"1,123",,+4,+0.36%,"3,682",18.6,0.87,3.03
2021/05/24,96,3683,サイバーリン,東１,"1,758",,+39,+2.27%,"3,657",32.8,3.51,0.57
2021/05/24,97,6301,コマツ,東１,"3,239.0",,+48.0,+1.50%,"3,632",21.0,1.60,1.91
2021/05/24,98,8801,三井不,東１,"2,522.5",,+21.0,+0.84%,"3,557",15.2,0.95,1.74
2021/05/24,99,1435,ロボホーム,東１,272,,+23,+9.24%,"3,543",88.6,3.35,－
2021/05/24,100,8035,東エレク,東１,"46,060",,-410,-0.88%,"3,536",21.7,7.07,2.30
2021/05/24,101,7270,ＳＵＢＡＲＵ,東１,"2,063.0",,-17.0,-0.82%,"3,516",11.3,0.89,2.71
2021/05/24,102,6503,三菱電,東１,"1,690.0",,+13.0,+0.78%,"3,489",17.3,1.32,－
2021/05/24,103,8795,Ｔ＆Ｄ,東１,"1,482",,+4,+0.27%,"3,461",54.7,0.57,3.78
2021/05/24,104,1928,積水ハウス,東１,"2,304.0",,+19.5,+0.85%,"3,441",11.6,1.18,3.73
2021/05/24,105,4193,ファブリカ,ＪＱ,"7,440",,+750,+11.21%,"3,438",29.2,20.77,0.67
